battery_voltage,current,temperature,soc,speed,load,physics_range,ml_range
367.45,53.99,19.6,83.69,63.62,50.0,87.13,102.14
357.93,49.25,23.84,98.52,86.07,139.78,99.91,164.83
369.72,40.6,18.66,33.37,71.72,134.06,34.96,0.0
382.85,33.53,22.54,97.28,51.75,126.01,171.34,147.33
356.49,46.98,9.85,48.81,65.14,143.12,49.3,28.42
356.49,43.93,26.71,41.28,55.19,165.86,49.21,36.7
383.69,48.95,25.01,14.53,60.16,140.99,15.8,0.0
371.51,46.35,18.46,14.75,53.49,74.16,17.59,0.0
352.96,50.5,30.27,72.28,56.71,179.17,72.28,145.64
368.14,34.65,32.5,51.21,64.24,50.0,66.75,54.75
353.05,53.17,12.14,30.39,40.13,50.0,37.74,0.0
353.01,41.98,18.9,65.26,39.68,194.35,103.88,83.25
363.63,60.75,18.85,32.76,32.23,180.42,46.63,4.73
331.3,33.11,17.48,61.99,27.99,146.56,151.72,92.85
334.13,57.36,31.64,42.33,35.65,66.27,54.37,24.26
351.57,41.98,23.45,84.12,63.19,107.53,91.83,170.56
344.81,33.49,22.88,83.86,42.14,134.24,161.63,173.15
364.71,35.16,8.97,52.96,70.27,54.25,58.25,46.65
346.38,36.8,30.08,41.57,60.69,105.66,51.26,1.22
338.82,44.24,15.09,42.63,20.63,189.14,101.84,30.21
381.98,45.23,25.48,82.51,73.1,235.64,89.3,168.76
356.61,34.26,27.22,39.54,76.22,124.83,44.09,27.25
361.01,39.76,35.89,28.82,40.12,195.39,46.28,11.37
338.63,61.42,14.53,17.62,68.4,50.0,16.91,0.0
351.83,57.28,0.84,52.0,42.87,189.57,51.84,17.36
361.66,44.36,26.47,53.39,61.95,101.76,58.02,52.84
342.74,40.38,39.4,85.68,34.71,168.44,140.71,97.14
365.64,41.2,34.91,29.91,24.14,135.13,73.76,17.83
350.99,46.14,26.68,44.29,52.34,229.22,51.55,26.18
355.62,29.77,21.07,82.76,57.53,97.53,135.95,150.75
350.97,37.43,31.46,84.13,52.05,187.66,115.61,119.8
387.78,23.31,17.21,44.61,36.32,133.23,137.55,53.7
359.8,43.99,28.81,51.32,52.0,140.5,64.48,58.93
344.13,46.47,29.04,37.3,65.39,138.97,36.37,19.71
372.34,35.17,33.48,93.93,59.1,99.26,129.38,146.1
341.69,55.74,47.08,20.68,63.65,149.15,20.02,0.0
363.13,27.74,28.14,94.04,46.6,146.24,203.17,172.34
330.6,25.36,20.93,71.55,83.43,164.47,88.21,84.54
340.08,42.24,24.8,57.84,36.48,155.07,103.05,86.46
362.95,50.47,10.85,12.94,69.75,197.88,13.31,0.0
371.08,56.84,19.44,52.8,83.64,205.41,55.52,35.22
362.57,35.41,21.73,46.7,69.62,86.96,55.91,70.76
358.27,50.79,20.81,24.51,55.95,202.13,24.88,0.0
355.48,39.61,26.22,69.08,49.43,78.82,103.22,113.3
337.82,38.27,18.42,97.4,80.72,185.27,93.23,142.95
349.2,48.84,33.97,60.6,31.54,187.18,99.19,86.61
353.09,46.52,25.0,74.33,40.6,50.0,116.57,132.62
375.86,24.24,24.93,16.16,52.05,155.58,38.51,0.0
365.15,54.77,22.38,47.59,84.75,121.89,49.24,1.88
333.55,53.8,26.24,20.47,67.6,104.47,19.35,0.0
364.86,33.74,31.6,65.15,40.64,231.05,124.81,77.78
354.22,43.96,18.06,94.46,53.79,110.78,111.15,152.58
349.85,44.94,19.74,69.56,47.71,101.62,89.92,109.68
369.18,42.61,22.57,16.91,45.8,154.54,25.55,0.0
375.46,34.5,14.23,41.92,79.58,191.14,44.6,0.0
373.97,33.28,18.45,59.56,32.57,141.5,147.25,58.51
347.41,39.74,21.19,46.29,92.18,219.98,45.56,40.01
355.36,51.73,32.0,85.03,76.56,181.86,85.61,110.7
364.97,45.44,27.1,83.32,81.82,50.0,86.16,176.85
374.63,36.29,26.55,65.06,50.74,118.23,107.26,89.72
352.81,47.72,31.81,43.61,57.0,116.29,44.88,16.16
357.22,11.51,23.9,32.98,31.34,178.76,100.14,41.31
343.4,51.49,28.12,19.53,49.51,50.0,21.62,0.0
342.06,22.6,24.17,41.94,69.87,302.94,69.79,35.13
372.19,36.38,27.12,47.19,85.92,181.86,49.76,50.77
380.34,28.8,20.34,70.82,37.86,158.93,181.27,107.86
358.92,27.05,5.49,69.23,52.69,220.89,109.66,63.48
375.05,51.61,23.93,16.31,56.97,290.62,17.33,0.0
365.42,35.32,36.38,45.57,32.08,202.24,96.82,8.89
350.32,43.47,32.41,26.36,71.83,206.93,26.16,0.0
365.42,39.53,32.72,24.11,45.52,157.84,36.84,0.0
383.07,44.77,34.89,84.46,56.09,141.51,98.93,118.54
359.46,40.77,25.71,13.77,50.96,121.45,19.55,0.0
383.47,27.17,26.58,47.73,44.21,100.43,121.24,90.45
320.7,49.96,20.06,25.14,59.86,108.78,22.84,0.0
372.33,35.06,22.47,89.14,55.69,68.97,138.45,137.62
361.31,24.43,29.93,60.13,52.56,145.45,126.87,85.12
355.51,35.72,34.63,30.82,45.43,50.0,50.61,1.48
361.38,55.01,23.88,55.22,66.39,161.45,56.54,47.55
330.19,48.5,21.4,75.83,93.07,147.82,70.94,89.21
356.7,36.51,25.0,96.23,62.8,158.82,122.98,168.5
365.36,36.51,29.81,29.84,79.92,118.67,30.89,0.0
382.17,36.78,13.45,89.76,32.2,334.61,184.23,135.03
352.23,60.77,6.63,94.09,63.16,231.61,93.9,119.82
347.87,43.82,20.6,92.48,38.05,75.33,152.49,174.63
352.47,44.3,15.23,67.19,30.46,163.97,123.74,80.91
373.73,50.3,20.93,66.68,45.21,113.52,87.81,114.46
364.93,42.39,23.82,46.29,83.84,89.13,47.86,26.99
352.05,37.41,21.37,77.72,79.0,69.6,77.52,98.49
367.7,38.04,36.62,57.82,64.86,175.93,64.83,64.17
361.46,39.28,27.61,70.97,29.35,109.12,173.1,111.84
374.53,39.63,27.4,48.56,56.07,208.07,65.11,57.36
349.47,47.28,29.98,75.83,66.03,209.63,75.09,69.86
355.09,40.52,15.89,84.2,63.51,232.43,88.49,145.55
354.12,47.33,33.31,23.18,23.12,98.86,53.26,1.02
338.05,39.19,24.39,84.96,42.19,178.52,139.1,131.65
364.44,40.79,30.36,58.63,58.72,187.95,69.95,49.22
363.92,20.02,16.43,86.02,70.73,121.55,161.45,174.32
360.08,49.16,12.57,48.82,16.08,103.69,136.97,37.66
356.48,43.46,31.54,44.11,56.76,246.57,49.12,16.19
338.77,49.98,28.01,92.36,62.86,163.65,88.65,118.17
353.69,11.04,17.78,32.61,76.99,188.16,90.08,14.23
354.86,60.88,18.04,85.98,73.86,100.68,86.45,115.73
347.97,38.6,34.0,53.56,71.65,76.84,53.08,65.04
357.58,51.08,15.48,56.27,44.0,115.83,68.52,38.3
366.06,29.6,38.14,37.76,21.84,142.56,117.5,8.4
388.29,46.13,17.8,61.57,52.14,86.15,78.4,85.66
362.62,29.47,30.11,39.27,80.03,149.41,47.75,41.02
363.86,33.76,22.37,13.53,87.87,50.0,13.95,0.0
358.88,59.14,29.83,34.48,74.21,82.8,35.06,12.6
331.22,38.09,20.65,10.57,68.59,190.25,10.65,0.0
359.6,42.17,23.7,98.05,67.59,186.23,100.92,189.07
360.9,48.7,25.33,96.92,48.88,126.49,121.34,175.81
396.95,44.96,16.98,45.56,57.4,88.93,55.2,0.0
357.11,41.5,30.93,75.55,93.38,88.36,76.45,100.96
364.52,43.65,20.89,41.12,41.15,127.6,65.61,53.56
359.48,64.03,23.17,70.4,92.3,188.67,71.7,61.72
342.47,39.42,17.05,82.49,53.56,205.69,101.17,122.84
377.14,42.01,4.5,95.21,86.51,120.21,101.74,124.26
371.28,50.51,23.47,46.02,31.86,80.79,86.43,11.61
371.87,51.06,44.3,80.5,71.72,166.07,84.81,113.74
346.36,51.87,31.28,33.93,45.26,100.59,39.59,0.0
381.04,46.39,24.85,99.13,31.69,118.9,209.47,199.4
338.97,28.57,22.9,12.32,64.37,229.52,17.78,0.0
368.8,56.33,25.18,64.32,80.19,199.63,67.21,92.21
392.86,28.54,29.38,69.36,43.1,159.48,165.75,123.56
345.14,43.03,15.55,71.92,30.02,73.68,139.06,109.17
351.51,32.46,33.91,20.83,58.16,162.68,28.99,0.0
361.49,39.36,30.72,94.47,58.25,213.76,115.46,172.36
352.45,43.29,30.75,26.31,70.97,127.46,26.27,0.0
336.74,43.21,28.51,66.05,78.99,231.07,63.02,90.77
361.03,44.22,25.16,30.04,58.81,227.56,33.92,0.0
344.07,56.14,30.38,37.65,97.11,249.82,36.7,6.97
367.1,44.54,29.73,59.18,64.48,168.31,61.56,72.01
346.21,37.56,22.17,47.55,53.07,185.24,65.31,62.89
383.25,49.64,20.41,24.42,27.77,234.85,50.11,0.0
348.25,51.89,25.81,25.38,54.75,176.84,25.51,0.0
355.17,27.72,37.39,47.63,53.27,119.93,80.57,34.38
372.2,45.97,15.09,78.16,79.21,123.09,82.42,113.02
341.54,47.01,13.26,90.82,69.25,164.31,87.88,134.88
363.41,37.02,26.32,17.57,36.41,72.57,38.47,11.46
379.61,53.76,25.41,45.38,63.45,141.4,48.81,43.31
335.89,38.5,26.39,19.02,73.43,215.79,18.33,0.0
362.77,41.26,26.95,11.49,90.56,50.0,11.81,0.0
363.9,38.27,23.21,69.55,77.75,242.07,71.71,98.4
371.73,40.16,36.92,64.22,75.22,217.34,67.64,31.31
341.45,29.04,12.19,24.67,61.2,122.41,34.19,9.9
340.19,25.6,18.37,31.04,67.77,182.6,45.83,15.59
367.83,55.95,24.17,12.13,84.99,150.19,12.65,0.0
364.45,31.53,11.85,85.15,33.34,223.8,184.95,115.74
363.76,30.09,23.59,97.72,53.01,208.96,174.9,204.72
365.2,18.47,38.29,22.19,44.55,66.0,61.42,29.13
349.8,33.61,25.17,30.83,67.58,185.24,38.72,0.0
363.48,26.77,26.85,88.16,84.6,137.66,114.9,166.5
364.4,56.42,14.92,93.38,48.06,154.97,96.71,143.22
349.28,50.1,20.07,47.77,12.19,106.31,141.81,37.1
387.99,33.12,22.0,14.56,51.76,254.89,25.24,0.0
367.11,62.52,22.46,13.55,78.27,212.4,14.09,0.0
342.13,49.82,35.25,61.66,70.75,105.61,59.77,53.23
369.85,36.75,29.46,45.36,68.56,69.92,53.93,62.54
345.38,15.01,16.11,12.58,54.4,126.86,34.92,0.0
371.81,62.91,26.97,62.49,34.42,176.07,86.14,57.36
377.38,26.1,28.99,11.02,70.31,164.41,17.69,0.0
347.69,23.55,34.12,80.86,43.31,225.19,181.75,138.7
374.45,50.23,37.64,37.58,103.68,197.4,39.87,0.0
366.19,64.4,16.88,13.62,71.41,208.17,14.13,0.0
372.33,53.84,18.51,62.95,48.39,169.61,70.65,82.76
388.45,45.64,14.94,45.79,47.77,66.64,62.61,50.29
356.32,45.95,23.13,97.64,58.14,138.26,106.45,171.96
348.69,48.53,28.73,58.98,55.21,213.61,61.1,78.18
346.66,47.59,32.9,34.77,82.34,146.91,34.15,0.0
347.76,42.81,24.39,73.85,63.73,180.19,77.12,145.59
358.84,41.04,22.44,34.43,45.37,130.88,53.08,11.77
365.12,39.37,26.21,91.38,97.81,88.21,94.53,182.82
364.15,32.46,18.32,43.72,60.99,142.6,61.95,40.32
372.41,37.19,41.72,59.49,75.38,168.54,62.77,29.67
360.2,23.07,12.14,14.55,47.84,110.66,31.46,0.0
381.8,39.02,26.48,48.35,67.26,135.86,57.65,55.19
356.03,30.11,41.19,84.91,66.22,93.63,108.66,140.65
400.0,28.96,25.05,82.51,22.21,217.15,280.53,181.62
369.39,41.8,23.48,30.19,100.31,132.33,31.6,0.0
347.14,53.92,22.14,30.35,85.81,237.17,29.85,0.0
343.94,49.18,23.56,83.56,52.06,241.72,90.14,148.68
367.24,24.29,35.98,93.74,37.95,145.14,240.95,172.71
356.65,30.1,7.31,18.58,66.95,89.49,23.33,0.0
370.71,49.41,37.27,50.51,61.73,50.0,53.05,5.16
367.1,30.18,13.61,40.37,67.11,61.68,55.16,33.06
358.91,37.75,22.87,88.36,63.83,67.57,108.42,148.37
347.3,45.5,21.57,17.52,70.12,232.71,17.24,0.0
337.28,30.32,29.71,29.0,88.95,156.95,28.98,5.7
353.3,41.05,12.22,77.72,71.36,173.38,77.8,104.83
372.85,26.66,28.7,14.62,39.01,50.0,40.67,0.0
363.21,33.99,41.19,54.33,87.25,78.12,55.91,25.7
341.31,43.2,14.09,49.79,92.81,203.22,48.15,47.35
362.6,24.07,26.52,40.1,120.0,167.21,41.19,51.76
365.78,44.4,19.7,45.51,37.53,141.17,76.78,52.55
346.74,39.8,28.41,57.69,64.86,183.89,62.02,94.98
362.31,45.52,25.15,24.52,18.36,248.15,75.52,0.0
360.87,42.24,19.87,61.48,71.06,136.74,62.86,63.45
342.86,53.64,28.9,82.49,49.04,154.16,86.3,129.58
365.37,41.25,39.43,78.41,98.47,161.56,81.18,96.11
368.41,35.71,23.47,23.85,44.51,293.53,42.28,0.0
376.25,41.22,30.76,23.43,26.22,50.0,61.38,10.32
375.81,45.43,14.65,34.14,50.57,190.99,41.94,5.19
339.33,40.49,17.35,42.5,20.49,143.11,116.27,29.75
345.93,40.41,28.78,46.76,75.02,184.01,45.83,46.35
367.73,32.98,36.87,71.17,18.7,110.56,222.46,130.12
367.71,33.37,27.84,15.1,60.57,147.06,21.94,0.0
367.73,25.97,22.5,13.12,18.44,192.68,41.01,7.79
400.0,57.5,24.99,45.27,53.59,336.77,51.31,10.64
368.56,27.56,15.0,72.74,92.87,198.48,79.71,101.75
377.03,33.07,29.84,27.41,67.21,99.12,37.08,0.0
374.31,32.82,32.06,67.74,42.73,124.57,134.22,90.35
369.77,48.95,21.38,33.38,59.38,122.8,34.98,0.0
355.27,37.05,21.24,89.75,60.36,50.0,115.99,147.19
371.38,52.48,27.13,90.61,69.45,130.19,95.35,138.21
348.41,33.27,21.51,36.76,32.66,193.97,86.85,33.01
356.45,42.79,24.47,30.7,71.85,73.55,31.0,21.7
352.72,31.65,41.8,47.02,5.91,212.91,140.96,44.16
361.23,61.45,23.02,31.65,47.4,179.27,32.39,0.0
394.72,28.12,22.13,70.51,50.23,105.95,155.33,140.34
331.99,43.1,19.82,84.35,72.67,141.51,79.34,118.36
370.29,46.34,30.95,70.58,60.45,245.9,74.05,91.3
335.81,44.14,23.55,84.19,31.89,194.01,156.71,156.8
352.92,38.15,19.81,45.73,40.3,150.53,79.92,53.8
376.33,38.7,35.57,24.07,63.97,135.74,27.94,0.0
360.96,40.44,36.36,76.42,58.42,154.6,87.92,114.33
343.83,38.53,20.2,42.44,48.42,119.29,61.37,28.39
349.27,49.64,10.07,70.41,50.38,50.0,74.01,119.47
370.19,62.11,33.06,34.36,73.92,272.53,36.04,0.0
349.04,34.43,19.52,17.31,49.65,159.32,27.06,0.0
363.25,26.3,31.33,99.33,58.24,173.89,175.74,198.37
360.68,39.12,9.24,24.06,103.4,146.53,24.59,0.0
350.23,65.8,32.14,98.96,31.53,105.89,129.77,169.99
392.16,31.96,15.31,97.96,22.96,138.84,326.52,223.13
369.51,56.39,30.85,81.44,75.67,54.04,85.27,110.88
329.62,56.78,25.11,69.35,46.43,286.63,69.85,90.07
362.8,34.46,17.37,62.0,53.64,75.93,93.77,90.2
350.07,45.69,21.74,87.95,44.38,88.08,122.48,171.38
372.79,56.28,30.49,36.05,54.8,123.58,38.08,0.0
348.11,36.21,25.85,52.09,91.97,227.28,51.38,22.1
358.28,37.96,29.68,65.75,76.04,150.87,66.74,78.81
367.57,34.18,40.81,47.01,77.24,75.83,49.04,2.51
372.99,29.85,12.49,48.47,31.68,225.26,117.45,44.47
342.0,33.51,37.94,39.73,36.98,193.86,72.42,32.27
354.98,27.76,25.83,60.78,3.22,182.31,183.4,104.48
352.88,40.34,17.81,86.55,43.81,192.94,129.31,122.59
350.2,32.3,14.36,28.14,79.13,293.66,28.73,0.0
386.48,42.34,23.49,94.1,70.34,281.11,103.04,169.4
366.07,24.44,32.37,72.02,55.57,108.8,143.65,94.13
341.09,43.31,23.98,84.09,59.55,247.43,89.53,149.86
373.77,48.34,37.09,60.06,46.22,172.99,74.46,74.84
391.83,20.06,13.39,80.16,64.1,179.95,166.02,143.12
375.49,43.74,24.9,11.46,75.32,50.0,12.19,0.0
337.21,52.28,14.98,83.65,27.68,139.78,139.62,164.25
352.74,27.9,27.91,13.61,65.99,101.23,20.93,0.0
379.0,56.73,32.1,90.09,78.65,199.68,96.74,127.28
349.38,44.19,21.63,99.28,51.7,214.26,119.9,169.14
366.66,32.95,4.17,36.47,74.01,50.0,39.46,0.0
371.62,39.44,26.59,28.93,116.29,148.68,30.46,6.94
346.1,45.58,28.49,78.88,57.91,217.31,82.34,100.25
359.11,40.76,28.23,32.77,67.87,138.8,34.49,0.0
311.38,45.39,34.89,87.9,45.24,193.74,99.09,158.52
344.63,30.79,16.43,19.26,63.63,171.07,25.45,0.0
356.21,41.69,30.44,21.34,69.21,170.5,21.53,0.0
341.28,25.86,34.54,98.12,63.9,133.72,149.01,188.02
384.49,38.89,10.77,70.65,39.61,77.01,123.91,105.32
338.55,30.96,27.56,86.22,64.13,82.71,119.4,178.9
353.4,32.64,20.97,39.19,89.24,192.56,39.24,20.39
361.96,52.36,24.35,70.88,68.97,151.17,72.7,114.38
381.62,50.91,27.78,63.48,79.24,141.69,68.64,113.82
338.46,46.09,21.1,64.28,55.26,124.57,68.82,97.46
377.45,29.08,19.59,71.43,75.0,131.69,97.32,109.73
360.15,36.84,25.27,61.78,65.59,212.81,74.82,98.46
345.28,52.13,16.3,48.62,40.98,129.89,60.07,35.81
366.93,41.42,16.31,34.83,66.37,69.54,36.74,44.11
362.99,63.19,30.43,79.17,40.17,194.62,89.01,114.5
351.0,43.93,15.81,30.36,47.34,137.71,38.84,0.0
361.05,41.92,30.33,72.31,63.79,151.88,77.69,92.0
354.22,36.91,28.7,31.0,65.94,246.45,35.47,19.07
361.7,41.34,11.19,66.28,36.22,148.77,110.3,98.86
369.93,38.48,19.58,77.24,81.08,167.35,80.96,104.3
383.79,47.08,34.55,29.68,71.44,79.26,32.28,0.0
341.43,49.57,17.15,15.39,45.91,136.82,17.87,0.0
392.0,32.14,21.28,21.79,29.25,186.57,65.54,3.82
330.72,26.69,28.7,64.54,57.1,56.68,111.57,114.46
357.72,21.64,31.27,86.45,51.08,162.05,200.41,184.61
368.82,45.08,22.99,14.05,62.26,156.05,15.06,0.0
364.21,28.97,20.22,76.07,52.74,152.48,138.58,110.51
350.66,18.47,36.38,40.72,19.85,212.23,121.37,34.55
356.88,43.89,38.91,53.07,52.23,170.07,60.62,23.08
352.6,64.93,32.83,93.6,53.89,238.68,93.51,154.51
351.16,39.94,25.68,39.88,72.67,90.38,40.19,56.15
372.74,48.38,18.53,51.88,46.04,158.16,67.48,57.83
365.36,40.82,18.36,11.23,93.57,155.07,11.63,0.0
349.61,39.01,29.18,17.34,21.77,85.84,51.54,0.0
373.49,49.19,28.35,33.27,86.22,207.38,35.21,0.0
364.61,37.1,36.21,12.51,55.51,289.48,15.96,0.0
372.19,42.67,30.2,66.82,77.19,148.98,70.47,80.57
369.44,43.22,12.98,48.38,61.6,180.3,50.76,7.85
347.57,33.32,33.42,59.33,82.79,155.07,58.43,69.62
351.6,49.92,17.02,25.72,52.25,107.18,27.24,0.0
371.21,38.25,21.93,36.63,38.03,50.0,75.01,48.92
369.16,32.44,27.0,69.74,88.41,107.65,73.88,105.46
359.69,45.37,40.97,96.88,57.73,66.48,99.68,148.31
361.76,31.02,49.88,14.54,64.43,252.25,17.05,0.0
379.16,40.28,29.85,90.13,84.7,143.09,96.83,144.42
351.13,39.91,23.53,61.92,39.36,129.24,111.01,109.1
368.21,50.86,29.28,60.75,71.91,203.35,63.38,47.42
356.97,44.75,32.1,55.03,48.2,82.69,71.34,66.88
356.73,39.75,22.43,16.25,57.36,103.99,20.67,0.0
376.48,48.18,39.36,18.09,61.45,154.08,19.3,0.0
372.38,53.9,26.84,64.08,30.0,211.73,115.28,82.37
372.2,45.58,28.98,40.69,44.42,180.1,58.66,34.77
379.58,40.1,30.33,92.55,87.02,164.9,99.54,129.66
360.32,26.88,28.37,46.59,77.72,154.69,63.87,55.33
370.23,29.35,31.71,22.9,58.75,174.01,37.04,0.0
355.35,36.95,20.06,74.32,64.86,162.1,87.14,129.26
364.86,33.9,20.53,36.4,54.12,88.2,57.36,64.85
358.05,38.13,16.2,57.29,87.13,152.76,58.12,41.48
361.45,40.57,28.52,72.8,55.99,85.58,93.81,124.57
368.93,45.3,31.23,91.02,64.64,154.86,95.15,135.61
347.73,39.3,28.66,81.3,82.92,121.16,80.1,141.6
391.39,44.87,38.4,70.87,44.45,302.36,97.69,65.3
344.91,40.64,24.96,71.17,91.18,147.61,69.55,108.68
341.79,20.25,30.35,95.13,29.39,65.75,276.38,183.87
377.37,30.61,16.27,36.62,92.59,141.95,39.16,4.12
371.87,38.56,21.9,10.1,52.55,181.16,14.65,0.0
369.36,27.9,30.56,34.48,55.15,250.4,60.97,31.61
369.43,46.0,31.79,29.61,22.2,114.63,76.57,0.0
359.82,55.31,22.65,69.57,50.9,55.05,73.62,110.6
346.54,52.19,24.43,67.03,39.2,199.01,91.55,94.01
361.14,37.87,12.86,63.41,47.85,67.16,93.22,82.16
349.84,54.91,22.14,11.46,57.25,123.83,11.36,0.0
374.63,41.49,32.12,75.59,79.16,134.54,80.23,93.15
357.79,36.63,29.6,39.12,64.15,145.82,47.31,30.41
347.62,33.87,29.01,69.86,66.15,191.35,85.43,127.26
355.18,36.98,25.4,60.09,38.09,108.98,123.34,87.58
366.19,36.12,25.06,40.85,42.38,133.58,79.52,67.06
351.54,41.7,19.72,22.11,95.97,149.14,22.02,0.0
347.67,41.61,30.59,18.5,45.3,158.98,26.33,0.0
363.66,40.03,28.37,84.84,93.12,155.87,87.41,107.14
363.67,44.37,28.94,92.66,55.14,176.16,109.6,162.72
352.4,51.91,20.79,68.48,60.05,200.63,68.38,79.84
352.93,49.5,7.77,19.31,81.41,173.56,19.31,0.0
363.48,25.15,33.78,46.18,85.44,177.22,59.13,37.02
338.28,14.46,21.17,75.6,57.78,55.07,217.39,132.65
338.89,49.34,18.1,80.18,52.24,153.01,82.73,102.81
349.22,26.33,30.55,20.64,58.88,178.77,34.99,4.41
356.8,37.75,21.86,10.0,66.76,193.74,11.32,0.0
364.66,28.3,33.48,74.09,77.83,108.46,94.66,111.43
382.13,21.98,29.94,42.09,60.08,110.46,92.72,63.55
372.86,45.41,30.47,32.9,72.38,115.55,34.76,0.0
357.6,47.59,14.07,11.16,92.77,182.18,11.31,0.0
359.71,34.23,34.7,58.63,67.63,212.03,68.55,63.83
344.96,14.09,27.09,86.6,66.23,125.55,244.69,178.95
359.72,34.54,22.05,96.19,29.62,204.48,248.32,194.31
355.67,43.92,26.15,60.92,7.39,157.41,184.16,100.97
364.84,25.21,10.79,56.3,67.77,142.54,84.59,61.73
347.59,41.83,28.27,17.66,58.1,137.32,20.34,0.0
367.79,39.85,16.77,59.4,49.7,194.8,82.8,50.01
382.99,45.79,14.18,44.2,64.87,169.53,47.96,23.82
358.37,41.2,12.82,64.64,58.79,286.55,70.1,97.27
366.03,30.27,33.9,44.99,82.56,98.87,51.34,21.0
370.35,51.97,19.97,31.63,61.72,181.09,33.19,0.0
353.98,38.41,37.27,18.55,45.06,118.25,27.42,0.0
363.36,39.73,20.71,38.34,79.8,97.84,39.47,30.41
360.19,30.67,11.34,18.7,55.66,149.35,27.86,0.0
361.47,35.57,16.07,25.92,70.53,158.24,28.79,0.0
348.4,31.15,34.89,98.86,50.45,325.09,151.54,154.23
360.37,38.27,23.75,49.97,47.0,138.95,80.85,67.7
367.47,57.12,20.61,57.87,61.68,82.19,60.25,38.83
381.77,26.28,26.28,88.63,60.26,166.38,169.93,167.96
374.39,23.86,29.01,99.6,69.6,50.0,179.46,205.42
392.3,54.71,33.94,62.44,54.63,144.48,69.41,48.41
348.49,37.91,36.59,83.12,23.27,150.96,207.01,116.78
373.08,33.31,22.12,39.42,51.34,197.68,66.98,60.0
362.75,50.4,14.39,37.52,75.88,208.42,38.56,0.0
392.85,33.94,21.69,46.24,54.05,119.79,78.75,71.93
347.88,58.26,27.08,70.53,55.07,140.96,69.51,94.57
347.4,46.78,17.29,71.4,79.73,104.03,70.28,87.67
351.01,35.12,17.34,38.37,45.76,82.32,63.55,38.21
328.14,61.57,27.75,21.99,29.14,168.59,31.72,0.0
352.11,33.94,24.61,66.92,56.79,73.58,101.55,115.03
348.61,47.42,25.26,21.55,50.32,125.12,26.02,0.0
362.26,42.99,18.93,62.06,40.68,90.29,99.78,69.25
365.13,53.02,23.16,72.41,56.49,182.98,74.91,108.6
388.14,55.62,17.61,73.06,69.83,258.09,80.34,80.05
374.26,40.32,32.12,77.81,59.81,71.9,95.57,119.58
351.35,32.47,33.28,88.56,66.14,50.0,113.12,133.4
346.52,44.6,10.23,55.0,96.27,142.51,54.0,53.46
367.38,33.22,17.56,75.72,53.14,150.94,118.84,133.69
340.2,60.13,13.03,65.73,65.57,163.12,63.35,74.74
387.47,41.37,19.8,26.8,49.82,123.22,39.64,0.0
377.69,36.35,24.33,12.31,43.07,137.96,23.99,0.0
352.96,41.85,13.4,35.61,48.3,172.05,45.67,36.04
334.3,26.53,17.63,49.87,50.42,212.43,89.05,58.48
380.31,30.28,16.97,65.54,67.19,50.0,95.42,84.56
358.28,52.0,26.66,86.5,106.98,127.86,87.81,128.72
378.57,33.43,25.55,27.66,45.68,162.83,54.96,32.51
336.08,29.53,19.23,21.3,51.67,94.92,36.03,0.0
351.01,45.37,26.41,96.71,58.74,253.87,102.33,185.93
360.08,51.86,20.63,19.72,67.92,111.88,20.12,0.0
360.7,47.19,22.83,53.06,65.27,147.52,54.23,41.37
353.25,49.96,38.39,62.7,85.68,183.36,62.76,39.14
369.34,32.43,35.72,58.72,11.47,114.52,184.36,105.61
343.99,25.78,14.6,17.74,12.26,50.0,51.88,0.0
357.86,55.01,31.64,15.13,50.08,124.28,15.6,0.0
361.8,36.77,31.49,19.49,81.95,211.77,19.98,0.0
367.72,37.49,15.81,62.7,28.69,129.79,148.01,85.12
370.67,53.28,31.55,58.99,0.0,99.21,185.86,83.62
343.13,45.56,37.3,31.04,71.42,205.54,30.17,0.0
336.99,44.56,16.02,67.4,64.87,130.15,64.35,75.95
379.17,61.65,17.66,83.81,38.2,119.39,105.46,109.28
364.98,33.56,33.14,13.74,40.29,158.97,26.74,3.16
348.77,49.28,27.17,54.83,40.61,196.25,75.87,95.7
383.27,40.57,29.41,72.04,62.21,292.9,85.07,82.74
361.74,42.69,27.72,32.71,47.47,199.63,46.12,37.48
377.69,55.28,28.13,37.7,69.88,219.59,40.34,0.0
361.01,45.08,14.39,65.23,2.91,119.64,200.16,102.7
390.91,45.38,33.38,90.81,42.86,88.45,139.89,153.13
386.33,50.73,34.36,82.89,37.48,153.74,125.72,117.24
356.27,36.35,23.16,62.48,54.87,156.43,89.69,108.81
374.57,31.61,24.65,75.72,49.24,85.29,150.12,141.32
369.68,29.55,12.75,42.83,75.96,139.48,52.59,16.89
380.53,20.34,29.11,67.69,22.81,173.96,218.93,108.15
345.53,60.56,29.58,51.96,60.91,171.62,50.86,26.85
370.29,28.97,24.5,27.09,71.17,180.26,39.45,0.0
375.88,37.79,33.99,73.16,97.13,167.46,77.91,89.43
333.62,37.23,22.33,60.08,50.36,119.58,85.69,71.53
342.25,43.07,29.52,42.28,66.49,119.17,41.0,26.56
329.41,48.16,16.84,92.02,23.92,78.06,190.26,183.92
355.96,48.6,24.81,11.88,12.16,257.09,35.96,0.0
370.76,34.17,23.61,38.42,76.9,150.81,44.34,27.42
382.54,38.33,26.8,15.12,59.89,136.51,20.49,0.0
361.11,42.83,22.04,78.99,83.57,94.27,80.82,147.94
384.43,37.51,23.95,73.19,32.53,326.14,170.28,129.56
339.3,56.07,31.61,39.82,70.4,85.6,38.28,5.44
334.45,44.91,21.51,70.81,97.38,124.27,67.1,68.25
359.17,47.35,12.15,45.63,68.39,174.95,46.44,22.88
365.76,46.63,39.0,78.06,65.53,186.01,80.9,109.59
359.51,51.73,36.05,50.88,60.17,207.48,51.82,21.99
328.99,41.81,14.66,47.11,28.58,258.46,86.04,45.72
358.66,27.03,30.52,94.13,87.11,180.37,112.3,154.44
340.43,44.0,20.98,32.58,47.78,86.64,42.35,12.8
370.05,33.49,27.11,20.84,70.09,134.58,26.68,0.0
365.5,34.71,27.35,62.61,28.74,168.47,172.29,101.27
345.9,45.86,23.12,97.24,36.41,274.09,155.0,189.3
352.29,52.38,18.73,44.01,88.7,66.13,43.92,8.56
344.11,40.21,19.48,15.58,53.05,222.15,19.35,0.0
359.06,43.09,17.67,40.54,89.07,160.79,41.24,0.0
374.33,57.02,18.35,55.53,58.44,200.27,58.9,53.26
345.21,42.41,24.46,24.57,23.16,143.88,67.71,6.83
367.56,66.02,19.27,69.23,77.84,99.45,72.1,59.75
352.05,45.66,30.46,99.8,48.2,195.05,124.05,194.1
348.11,22.39,36.9,50.66,73.97,189.27,75.36,62.19
358.39,47.53,20.36,41.93,60.5,208.32,42.57,14.74
344.47,43.81,26.92,46.06,29.14,149.2,97.07,65.01
351.7,52.9,29.0,20.36,63.29,114.01,20.29,0.0
342.03,46.73,28.78,89.49,103.92,56.47,86.73,144.8
389.47,38.62,25.61,47.33,69.86,199.16,55.78,23.03
360.53,27.76,30.94,44.85,58.85,175.43,74.7,62.02
349.5,37.91,28.86,69.37,81.51,92.05,68.7,90.41
363.21,31.49,15.1,49.78,64.21,117.69,67.43,44.5
358.32,34.19,31.95,68.34,64.19,121.99,86.91,138.77
356.69,45.89,32.1,15.53,38.17,61.02,24.47,0.0
369.21,56.7,18.89,83.24,64.68,100.94,87.07,115.02
371.36,43.95,25.3,94.65,80.71,81.97,99.59,131.45
352.04,28.04,30.47,68.39,43.28,125.25,147.7,135.97
351.36,44.45,23.33,95.91,88.49,105.68,95.48,140.35
355.87,51.97,33.58,23.63,58.17,52.38,23.83,0.0
325.47,33.9,43.91,52.97,42.24,271.36,75.3,35.82
337.27,38.66,18.71,64.16,79.95,225.15,61.31,96.17
380.5,40.15,13.95,62.36,54.26,103.26,82.28,88.62
384.67,32.15,27.43,46.13,75.19,166.35,59.17,44.47
356.26,46.48,30.77,40.43,54.16,175.05,45.0,27.7
368.65,38.79,23.15,21.41,58.8,221.47,27.63,0.0
364.67,44.2,36.63,45.26,69.87,100.88,46.76,25.96
400.0,31.13,14.29,24.64,65.82,215.53,35.34,0.0
376.79,35.63,30.54,76.09,20.09,117.13,243.71,152.39
358.08,47.22,20.15,28.79,37.58,69.85,45.98,21.47
345.67,36.27,38.76,15.27,78.59,193.45,14.96,0.0
335.9,57.27,40.94,59.71,57.36,227.45,56.83,35.02
363.05,36.0,18.87,63.57,49.53,305.27,95.3,95.14
348.65,42.25,20.6,88.47,32.83,78.02,173.2,161.06
338.67,49.33,31.88,61.93,38.41,191.94,83.78,61.79
350.3,25.82,21.9,41.09,19.56,125.41,122.36,56.36
343.78,22.39,24.64,82.27,57.97,197.0,171.24,155.34
385.31,24.74,25.2,58.63,48.03,61.77,156.94,117.75
373.22,52.63,9.64,17.14,40.67,74.23,21.88,0.0
359.88,34.48,24.89,60.93,58.64,103.45,89.78,77.77
382.2,65.58,19.48,91.72,67.28,154.74,99.33,133.11
361.16,34.36,21.06,45.67,101.86,111.54,46.73,34.96
347.08,41.85,36.55,36.67,29.76,189.54,68.85,18.81
382.85,55.42,14.95,22.91,83.19,211.61,24.85,0.0
368.08,60.06,31.51,23.63,79.46,185.97,24.64,0.0
344.44,60.62,22.77,48.95,44.42,247.13,50.1,30.83
357.14,52.08,22.76,63.61,64.06,174.95,64.37,69.72
346.87,50.24,31.32,17.26,50.85,76.99,18.71,0.0
339.26,45.93,27.72,94.56,63.71,231.8,90.9,168.17
373.89,47.78,29.56,77.96,90.18,113.69,82.59,128.44
388.64,34.49,32.75,62.8,72.11,204.63,75.59,71.66
339.02,31.82,22.35,84.56,70.17,244.42,101.2,137.26
368.44,39.97,20.1,17.22,51.39,177.4,24.06,0.0
350.24,38.3,16.32,52.92,30.32,60.23,115.42,78.47
352.69,35.47,18.4,66.71,55.83,94.91,92.6,105.98
351.11,46.96,48.59,84.58,84.13,229.36,84.14,68.42
347.04,49.55,34.96,80.51,29.46,139.85,137.38,135.12
360.73,40.88,14.19,34.94,38.9,154.77,56.86,0.0
347.54,54.78,14.42,94.68,62.53,195.53,93.23,122.04
364.06,28.58,28.85,21.19,40.31,191.78,49.49,0.0
359.25,38.06,29.38,88.76,44.15,166.73,146.4,148.79
356.42,32.83,29.39,97.38,51.53,137.48,159.62,178.48
346.39,21.33,22.96,25.94,32.69,131.24,76.39,2.87
351.35,39.17,24.0,74.99,40.52,201.47,131.11,142.42
371.33,38.78,27.62,13.63,74.07,183.21,14.34,0.0
367.51,55.13,25.69,46.49,33.85,134.56,74.57,21.4
345.34,46.31,7.25,56.47,28.04,214.93,94.11,64.87
361.49,29.76,23.16,62.26,47.4,142.26,125.99,90.3
371.27,58.54,18.19,94.23,74.64,98.9,99.13,154.55
334.96,52.21,26.4,70.5,56.06,104.46,66.91,103.29
368.15,45.82,48.88,53.32,50.71,91.28,58.61,29.23
350.06,37.74,27.94,82.87,60.89,133.66,101.76,137.88
368.56,30.41,22.49,95.55,25.09,224.02,299.33,206.98
348.55,36.28,32.37,11.99,69.89,101.69,12.99,0.0
332.93,50.89,28.86,98.43,67.67,161.31,92.85,172.39
335.59,58.85,28.36,17.75,51.81,110.6,16.88,0.0
360.72,55.43,29.85,83.29,80.12,134.38,85.13,127.13
363.9,35.11,41.45,35.23,37.45,59.4,65.11,47.29
346.44,28.8,15.95,21.9,82.56,136.77,24.54,0.0
369.58,41.41,28.79,49.59,63.09,138.38,56.49,66.22
335.08,22.32,17.59,67.96,53.27,182.42,135.52,106.68
359.01,43.23,29.44,44.29,59.6,163.4,49.19,54.62
341.83,38.52,17.65,14.91,57.85,78.1,17.94,0.0
350.22,35.34,21.66,63.95,84.41,215.05,63.46,75.26
360.71,24.05,22.64,91.22,38.47,162.62,265.41,200.62
347.09,45.14,32.81,44.49,44.75,161.9,58.16,27.69
354.23,34.67,32.35,29.47,80.73,149.45,29.58,0.0
375.09,28.3,15.03,49.83,48.09,118.93,98.09,51.07
351.35,11.28,25.44,14.35,78.01,163.07,42.86,0.0
372.54,39.72,19.32,83.84,93.99,178.54,88.5,141.97
343.05,57.72,14.93,84.37,51.96,50.0,82.01,125.01
367.95,56.61,23.26,62.92,73.63,117.67,65.6,93.32
381.62,35.43,22.53,41.78,36.93,134.7,95.11,29.78
322.93,33.98,44.41,81.98,75.09,165.37,75.01,97.87
348.05,44.69,28.46,59.92,63.99,221.6,59.09,66.82
368.66,30.02,13.98,84.33,69.46,103.7,112.11,132.3
356.95,43.02,20.48,66.83,47.09,120.12,93.18,100.95
365.57,47.66,33.17,80.6,26.78,119.25,167.03,142.34
350.94,52.27,41.71,63.87,70.07,101.91,63.51,47.99
361.3,39.0,12.31,47.27,18.73,129.17,138.41,52.28
357.66,37.96,9.96,96.22,53.65,196.25,120.09,151.15
377.52,31.22,39.97,58.7,78.82,86.77,67.19,45.08
363.82,31.73,28.12,64.46,63.84,175.67,91.61,94.13
365.06,37.74,18.05,29.84,98.97,50.0,30.87,0.0
353.82,43.67,29.28,66.31,80.5,116.32,66.47,82.64
352.69,49.14,3.91,61.44,46.92,130.23,65.97,51.54
353.51,31.97,25.03,26.64,60.55,250.49,38.83,5.36
365.92,54.93,27.62,15.36,59.05,133.51,15.93,0.0
353.69,37.29,32.39,64.39,28.36,50.0,157.35,123.09
364.35,39.79,16.89,78.73,41.19,50.0,133.52,113.88
391.13,32.53,25.69,57.11,48.78,152.04,113.24,77.58
373.07,15.76,17.6,30.41,19.28,186.83,96.43,74.74
355.11,48.84,27.04,69.99,60.95,172.53,70.42,83.64
378.02,47.37,17.84,17.21,55.02,160.05,19.54,0.0
353.88,37.19,21.74,49.77,26.54,219.74,128.8,78.2
329.43,40.67,17.03,24.7,68.08,117.62,23.16,0.0
344.88,45.16,30.21,26.6,74.32,203.69,25.99,0.0
331.94,24.37,31.87,28.21,64.54,52.08,45.83,42.42
354.73,34.71,23.12,44.8,53.52,95.7,69.53,31.5
360.28,47.94,25.31,14.6,71.83,50.0,14.91,0.0
385.15,27.46,13.41,45.8,73.6,133.51,64.64,13.07
364.9,42.94,22.6,56.05,66.15,147.22,58.7,81.13
356.71,26.43,24.6,53.5,43.51,156.85,131.18,103.5
372.44,44.66,45.97,44.45,65.53,153.71,46.91,0.0
326.83,39.64,16.1,85.52,83.91,94.35,79.2,138.05
363.53,23.85,36.71,23.08,48.07,138.59,49.19,12.23
371.56,51.65,32.97,55.51,101.96,60.15,58.44,66.13
337.82,32.65,27.25,15.58,49.49,231.79,25.19,0.0
377.16,31.9,39.07,16.4,60.65,131.78,23.05,0.0
365.08,42.01,27.98,61.65,46.55,120.67,92.18,78.19
353.77,51.49,28.11,60.94,64.47,245.34,61.08,61.11
369.49,29.84,24.58,89.02,25.16,75.47,279.59,180.2
394.06,40.62,34.79,60.21,49.08,82.46,90.42,73.84
362.73,44.29,33.77,96.38,38.16,84.23,155.79,187.04
363.72,46.93,19.99,14.38,62.71,145.93,14.82,0.0
353.11,41.76,14.45,18.82,79.89,175.9,18.83,0.0
347.25,36.33,23.38,13.97,72.92,194.38,14.83,0.0
372.46,31.72,18.6,26.67,12.57,304.32,84.45,14.91
347.16,40.86,24.49,58.71,100.84,50.0,57.75,71.31
361.07,29.28,34.9,68.1,65.91,186.52,94.11,106.92
352.84,10.79,21.34,14.1,44.47,116.57,42.3,0.0
367.18,44.37,24.66,95.14,63.14,114.82,103.62,201.6
365.0,49.04,25.46,85.79,63.52,112.81,88.73,121.79
375.56,16.37,31.79,36.7,46.66,95.47,117.14,35.26
352.35,29.9,7.02,16.95,63.96,251.07,21.17,0.0
355.95,46.19,20.15,25.29,47.85,200.54,31.78,0.0
345.32,60.57,26.69,21.42,51.91,151.39,20.96,0.0
353.34,40.21,34.6,21.1,46.27,231.06,29.22,0.0
365.66,32.72,21.06,56.67,31.35,59.25,155.33,71.58
371.35,38.17,9.99,32.13,62.92,70.16,37.05,6.72
346.17,53.75,29.96,42.23,71.71,50.0,41.42,33.8
373.04,33.54,19.92,99.06,70.3,108.04,124.96,149.01
380.33,32.01,15.48,71.59,76.4,159.7,85.22,97.63
366.2,35.17,20.01,95.41,66.49,156.17,118.01,143.14
388.15,30.47,23.52,22.83,49.35,158.96,46.71,0.0
348.39,41.23,20.16,44.39,76.79,65.34,43.82,21.77
341.33,56.25,7.36,59.93,32.85,198.19,75.6,62.15
333.32,43.23,32.18,16.91,41.99,164.38,23.47,0.0
382.44,37.48,35.2,10.38,40.72,193.98,18.46,0.0
369.82,37.08,30.21,70.34,81.6,50.0,73.7,114.86
359.17,24.37,15.9,67.76,78.86,168.69,94.55,72.05
364.2,48.83,23.39,46.97,69.75,78.73,48.47,48.58
343.12,39.22,24.95,54.07,81.44,126.16,52.56,52.61
396.69,38.2,29.79,47.39,42.41,182.06,88.44,47.74
361.94,71.93,30.35,12.16,66.97,155.47,12.47,0.0
361.64,42.99,19.13,40.18,57.5,98.91,46.81,35.37
370.89,32.48,25.66,25.94,76.94,150.38,31.6,19.44
367.22,35.74,28.66,18.86,57.7,58.11,27.2,0.0
363.36,51.48,36.65,96.1,52.3,219.02,98.94,150.84
348.14,41.13,30.64,63.94,70.82,137.68,63.07,75.03
367.07,25.62,31.31,75.58,77.52,217.11,106.19,117.96
388.23,49.19,25.67,38.38,46.63,118.41,53.52,37.41
380.18,33.32,36.28,45.38,58.78,118.59,65.37,35.58
383.9,58.73,28.28,31.32,38.83,104.15,42.62,0.0
352.33,50.8,18.11,18.73,10.04,202.57,56.08,0.0
345.16,35.53,36.23,26.11,64.01,107.43,30.02,0.0
358.11,52.81,30.58,81.78,72.18,188.68,82.97,103.64
360.84,40.68,21.46,70.98,65.24,127.05,78.08,86.81
376.41,48.53,21.16,59.22,21.01,50.0,169.0,113.57
334.61,44.85,27.37,52.76,52.98,115.78,60.47,72.14
382.94,31.54,28.71,93.02,15.63,79.25,302.78,187.0
357.63,33.56,26.58,16.55,87.39,152.03,16.77,0.0
353.6,50.3,27.49,35.25,38.28,78.58,52.6,11.85
344.82,36.65,38.6,41.49,85.11,205.56,40.54,25.15
335.18,35.96,33.57,80.42,78.92,144.54,76.37,120.12
372.35,30.45,26.53,99.33,41.99,139.34,228.02,189.19
361.1,44.24,32.53,31.66,37.34,189.35,51.22,13.45
340.65,60.63,16.74,88.69,67.01,207.83,85.6,108.94
340.57,29.32,28.18,84.76,43.11,148.79,174.96,180.53
354.96,40.24,39.47,30.22,62.05,103.73,32.12,7.59
385.04,54.12,23.26,45.94,50.34,50.0,53.99,38.78
356.11,39.2,18.22,46.87,24.38,108.84,123.83,48.98
337.45,44.52,19.78,98.04,15.39,112.97,281.21,149.01
356.31,29.38,16.28,26.28,64.53,156.42,37.05,0.0
355.91,44.28,18.72,81.92,48.77,129.29,105.47,112.02
319.55,38.13,22.04,40.08,48.94,191.28,53.87,37.24
359.19,49.86,13.76,75.78,73.92,113.22,77.12,89.2
356.54,51.87,25.12,47.8,83.47,146.58,48.29,16.88
370.44,65.9,32.22,62.05,54.55,221.04,65.13,52.33
387.73,45.8,17.74,84.94,53.19,170.51,104.99,140.41
376.9,43.26,37.15,82.37,70.0,146.4,87.97,122.05
355.97,41.94,29.09,87.98,32.86,113.88,175.48,131.7
343.4,36.47,33.24,15.37,64.46,112.01,17.44,0.0
398.6,43.38,19.74,72.28,71.04,98.96,81.64,82.42
360.89,37.05,31.84,22.6,73.6,117.54,23.72,0.0
360.21,41.68,16.26,47.42,21.26,195.34,125.3,62.98
359.64,53.18,32.12,59.37,44.77,136.69,70.03,54.86
362.97,29.93,26.37,46.25,42.43,69.01,107.1,57.28
357.83,51.4,29.43,56.77,62.0,256.09,57.55,48.3
351.4,53.17,15.6,99.69,69.61,169.2,99.25,119.66
351.8,38.82,17.84,22.17,89.93,65.58,22.1,0.0
359.51,18.78,29.78,70.79,50.1,123.49,196.97,123.04
351.85,33.92,17.41,45.64,50.05,156.65,70.8,60.01
349.31,52.97,28.71,21.97,82.99,252.28,21.74,0.0
361.6,39.77,14.06,24.29,65.93,83.51,25.89,0.0
356.18,30.01,31.79,95.43,85.35,208.56,103.15,135.2
382.56,34.95,15.14,89.16,65.77,233.97,110.95,124.13
320.24,48.41,29.42,91.63,36.86,112.28,129.33,144.32
376.37,45.47,30.01,99.24,33.34,133.35,188.69,197.65
378.69,37.61,19.43,28.75,28.97,87.82,74.33,5.3
328.9,36.33,29.66,41.99,73.24,137.79,41.58,33.2
354.86,36.08,27.08,70.23,83.77,147.8,70.61,96.35
354.43,30.78,20.69,53.54,96.99,189.58,53.77,34.16
338.89,56.15,16.93,47.66,76.86,215.41,45.76,15.65
348.33,36.78,9.3,42.2,83.26,105.11,41.65,18.25
343.34,52.17,27.8,63.44,48.4,50.0,71.04,71.85
386.28,55.21,12.48,61.8,36.87,148.73,85.97,77.76
374.04,49.98,25.76,24.53,77.0,167.61,26.0,0.0
379.07,35.68,22.89,52.46,68.35,164.97,65.93,55.97
370.83,44.04,30.43,59.81,62.15,130.4,64.77,81.1
343.06,39.76,22.58,61.33,67.75,157.49,63.4,72.23
352.13,30.96,22.36,28.91,66.46,240.93,38.78,4.69
367.34,43.24,30.85,76.8,85.68,172.9,79.94,99.24
341.67,28.21,27.68,12.27,85.9,127.6,14.02,0.0
370.69,51.88,27.53,41.93,70.88,119.99,44.04,0.0
356.4,35.35,28.75,80.22,76.92,139.81,84.84,100.31
354.38,42.01,12.72,60.75,70.28,248.2,61.0,64.87
370.66,42.83,31.05,33.5,50.78,139.0,44.63,26.89
366.66,37.41,29.9,72.55,75.13,148.81,75.79,91.47
354.59,45.87,16.87,61.07,32.11,121.06,108.52,78.77
377.39,35.25,23.05,81.66,81.08,215.94,87.32,133.63
343.78,48.71,24.69,76.15,36.11,267.59,117.18,133.42
369.24,26.54,23.92,64.91,65.72,177.04,109.87,73.55
368.9,41.26,27.67,53.94,43.1,154.97,88.58,58.74
355.36,59.39,36.45,21.99,71.07,152.21,22.14,0.0
364.89,30.0,33.65,33.52,59.32,50.0,52.57,28.54
341.23,33.22,14.5,47.72,28.1,194.71,111.53,90.32
373.86,45.14,29.98,63.94,68.41,158.05,67.73,76.09
357.23,41.8,35.63,56.23,48.44,175.7,73.44,38.74
352.16,43.51,28.09,35.94,77.62,107.31,35.86,19.09
375.74,44.89,33.73,10.58,60.03,126.93,11.52,0.0
349.43,46.35,41.1,54.66,67.91,125.34,54.12,38.79
338.87,51.1,33.19,35.71,40.85,211.3,43.64,0.0
336.65,44.1,26.99,76.11,48.21,127.27,97.69,140.14
369.09,37.59,33.36,12.16,50.83,274.96,17.22,0.0
340.79,46.73,26.16,62.63,77.13,175.85,60.48,62.08
386.32,59.0,25.19,94.73,93.55,73.46,103.69,153.92
328.77,38.67,22.19,25.7,43.9,142.29,39.35,18.53
385.45,30.25,37.51,52.45,81.54,110.9,61.98,63.97
363.17,51.07,18.45,18.23,16.61,50.0,56.04,0.0
358.55,38.8,37.26,66.31,36.12,245.97,114.22,80.56
351.83,18.27,29.0,59.55,40.82,192.19,178.08,119.52
365.99,48.47,13.81,46.66,32.95,181.99,75.92,17.3
359.44,34.65,27.94,56.92,28.33,159.92,155.24,96.55
376.55,39.09,8.2,90.69,68.26,67.08,96.76,114.0
361.71,43.32,30.0,27.67,55.72,120.98,33.04,13.15
362.25,41.9,32.08,12.03,67.59,200.51,12.35,0.0
354.55,47.09,20.26,87.55,73.81,86.93,87.95,157.83
359.15,35.65,25.99,61.94,65.31,50.0,79.69,103.3
364.62,45.13,40.63,90.16,73.16,136.37,93.14,106.72
334.35,37.4,20.95,63.73,58.61,141.49,77.27,112.96
339.78,47.39,16.53,82.91,36.26,158.13,121.75,154.99
371.15,46.15,36.85,48.67,81.16,193.71,51.18,34.5
362.56,30.65,40.7,77.49,48.22,188.26,126.63,100.82
357.24,50.86,25.03,92.17,41.29,165.53,128.2,160.31
360.28,34.64,33.09,61.49,56.44,221.73,84.52,79.97
365.21,48.08,35.73,26.27,41.74,58.86,36.23,0.0
351.9,43.67,19.06,34.19,51.65,180.27,41.5,35.56
348.33,58.38,21.12,27.88,66.88,187.59,27.51,0.0
362.94,37.77,34.85,32.22,66.97,75.63,35.96,0.0
345.32,36.51,38.48,37.58,42.04,59.83,60.13,25.76
366.12,39.81,29.5,59.96,50.25,105.24,87.09,79.37
334.46,36.97,17.96,62.92,81.49,110.31,59.62,75.82
375.44,48.0,40.9,48.38,69.93,195.21,51.47,10.69
367.09,23.84,20.75,65.39,101.5,113.13,79.67,102.6
363.84,29.46,22.32,17.34,83.6,98.62,20.9,0.0
374.74,29.32,27.74,17.9,82.89,113.3,22.43,0.0
384.98,49.5,37.43,25.46,32.24,217.12,42.66,0.0
375.22,57.11,31.83,56.63,75.28,150.78,60.2,45.32
332.39,38.96,28.32,29.26,58.94,139.24,33.99,5.77
340.81,38.31,28.71,35.5,48.98,143.4,50.84,12.62
350.63,40.7,25.35,46.03,63.36,227.52,50.82,53.85
360.39,51.62,29.47,83.07,78.9,105.05,84.82,128.42
367.76,30.73,4.76,11.25,70.02,228.93,13.17,0.0
349.11,42.38,22.63,68.44,42.43,162.63,105.39,126.66
362.8,49.75,26.93,70.2,74.85,140.37,72.16,84.98
348.67,45.01,15.79,81.88,47.25,300.05,98.61,130.52
350.83,41.9,28.09,93.95,64.33,86.66,100.04,151.46
338.9,50.01,23.36,11.81,53.93,128.78,12.18,0.0
346.15,12.97,39.04,23.84,55.62,76.05,67.43,0.0
339.72,46.78,37.58,89.76,75.32,207.15,86.39,108.48
345.36,33.46,21.27,51.27,39.2,251.35,99.56,70.65
375.8,21.69,23.79,60.81,98.9,250.2,84.65,40.32
345.76,45.11,24.41,69.67,23.58,223.44,172.47,90.16
399.49,53.74,21.39,71.12,48.05,138.14,88.68,99.51
367.4,38.63,26.56,93.86,67.4,128.09,108.61,168.8
362.77,49.53,18.93,99.73,71.69,50.0,102.5,162.06
347.12,56.12,15.96,74.81,57.99,272.15,73.58,65.36
370.5,53.15,29.98,35.85,58.85,178.14,37.63,0.0
351.37,56.4,30.04,89.18,68.21,120.48,88.78,141.32
361.83,47.42,18.57,14.43,55.38,229.68,15.47,0.0
398.4,40.75,32.16,30.8,87.86,91.63,34.76,0.0
358.56,23.98,19.95,90.76,76.79,174.4,136.3,176.55
377.24,37.54,27.03,33.06,77.46,139.64,35.33,16.96
349.45,31.57,31.56,29.86,40.68,188.32,58.76,0.68
359.48,61.71,24.73,22.43,58.41,146.19,22.85,0.0
386.56,38.24,28.64,87.32,53.99,62.94,132.29,135.37
350.6,41.23,20.87,55.01,39.89,154.53,90.84,71.79
387.19,45.51,23.43,70.74,67.2,212.93,77.6,116.76
370.62,40.44,23.35,31.52,49.25,148.25,47.31,26.64
351.56,56.95,19.03,78.22,73.11,196.51,77.92,121.21
369.49,33.77,23.59,78.4,38.6,87.27,179.02,142.09
374.59,41.95,12.61,38.13,94.38,148.42,40.47,14.5
369.33,32.58,21.07,46.96,42.07,112.53,97.93,58.92
336.45,26.8,22.72,28.87,64.39,194.82,44.19,33.22
349.09,33.88,22.95,97.89,75.84,151.89,108.12,175.67
356.29,39.63,23.07,68.1,48.59,191.4,100.13,116.68
358.88,35.71,24.51,94.11,77.05,215.26,100.07,186.36
369.31,33.08,28.84,37.3,35.42,191.5,87.14,33.25
362.67,25.94,32.0,80.37,89.04,166.39,97.83,126.92
339.97,39.17,19.8,78.93,60.28,90.11,90.86,147.34
365.7,24.95,15.37,72.25,48.07,149.83,153.1,114.62
369.16,47.6,16.66,96.91,54.02,118.01,108.72,141.86
368.4,40.82,21.1,45.42,76.18,129.36,47.41,69.08
376.21,25.42,22.18,21.76,48.31,127.53,51.62,0.0
372.51,36.91,18.84,70.45,45.01,91.2,121.89,115.34
366.89,32.48,14.63,75.64,55.57,50.0,115.79,137.06
358.95,43.19,21.35,61.76,36.46,109.91,110.66,84.06
335.09,53.4,26.45,28.61,96.41,161.6,27.17,0.0
366.44,21.25,29.76,55.4,48.67,69.11,148.25,93.82
363.12,41.15,20.54,38.1,76.63,150.94,39.2,0.0
364.07,38.4,21.7,48.47,64.19,264.02,56.33,41.32
340.85,46.71,17.59,68.07,40.31,211.38,92.29,96.44
343.78,42.13,24.75,77.07,59.88,248.61,84.91,118.08
375.8,32.48,18.21,30.9,75.68,173.47,36.82,0.0
359.41,36.81,29.59,46.48,56.23,220.05,62.5,68.91
370.22,32.04,10.71,34.22,83.86,106.56,35.9,0.0
360.42,50.76,22.12,27.88,80.43,111.34,28.47,7.63
360.45,40.21,27.41,80.5,78.38,50.0,82.22,127.0
374.07,59.01,26.47,91.83,50.81,221.17,97.33,135.14
352.26,39.39,46.54,43.32,38.4,242.42,62.82,14.56
361.44,32.92,27.8,77.62,47.73,116.81,141.48,134.5
353.07,24.86,16.97,90.73,63.92,134.76,149.82,142.5
353.48,21.97,24.24,86.15,70.92,104.77,159.24,184.87
355.36,24.16,10.79,26.45,16.57,172.96,79.9,0.0
363.33,42.67,24.36,96.07,59.84,217.5,110.91,142.45
352.82,45.09,18.34,43.9,63.16,50.0,43.89,53.84
378.84,24.19,32.32,40.53,54.45,174.57,84.16,30.72
346.58,48.95,20.6,15.62,85.83,133.4,15.34,0.0
357.2,35.17,24.07,53.76,68.44,156.8,65.18,42.88
353.4,41.47,19.92,19.81,86.2,177.54,19.84,0.0
381.7,56.12,38.91,32.37,55.68,138.71,35.01,0.0
362.95,48.97,22.43,38.52,78.75,143.78,39.62,14.7
375.48,37.31,39.66,82.79,92.7,137.17,88.08,120.5
337.72,31.09,31.51,88.79,86.23,208.22,87.43,146.81
364.01,18.48,28.86,37.22,38.16,175.13,115.17,46.41
373.34,32.81,27.95,87.28,54.93,163.24,142.58,130.99
361.23,37.89,28.15,87.15,53.1,73.74,126.72,144.82
375.98,30.13,9.58,78.82,69.79,127.29,101.79,113.72
352.24,38.69,22.77,23.2,73.73,203.92,23.17,0.0
381.14,40.77,31.76,72.13,43.22,152.26,118.41,113.69
394.48,37.75,24.61,95.05,61.36,189.57,131.76,182.93
354.56,33.5,13.76,71.43,19.6,255.99,213.25,125.33
353.32,41.69,24.58,39.85,88.84,212.32,39.89,0.97
381.8,44.42,38.63,55.05,49.75,155.59,69.78,82.82
383.69,29.1,34.98,68.12,61.12,119.34,109.03,110.15
352.16,54.11,24.5,55.95,53.81,50.0,56.84,71.65
353.7,39.01,32.61,20.8,82.92,139.9,20.84,0.0
355.77,40.19,22.07,38.09,3.25,130.44,115.17,85.45
339.83,47.08,11.37,82.22,59.67,173.42,79.16,89.22
346.22,42.33,17.6,87.53,57.88,140.77,96.52,138.07
344.94,49.53,37.5,22.36,50.93,130.78,23.1,0.0
348.48,42.87,22.81,95.71,94.52,50.0,94.51,163.62
359.48,33.88,23.05,39.59,42.25,93.6,79.75,52.28
363.51,43.62,22.6,69.61,75.44,178.6,71.69,95.12
383.26,28.56,40.23,77.66,67.13,252.95,107.73,94.58
345.02,41.09,38.01,83.08,85.23,144.15,81.21,79.36
374.76,39.67,42.75,95.12,46.66,169.67,132.28,152.57
356.79,37.92,23.73,38.16,45.34,207.15,62.62,56.12
359.26,38.71,27.36,87.27,81.92,101.35,88.83,136.23
370.12,21.18,12.87,21.85,68.51,172.01,38.63,0.0
343.16,34.51,36.82,73.45,29.1,105.57,165.64,94.31
365.74,40.93,15.66,76.78,49.21,201.89,103.68,119.46
362.5,41.6,26.73,71.0,67.73,159.08,74.62,100.14
367.39,29.72,16.22,32.71,76.76,167.91,40.2,0.0
364.34,52.66,20.29,88.57,46.42,103.04,105.91,135.71
396.83,31.34,18.3,25.2,1.71,192.42,84.99,9.65
350.43,49.69,20.14,14.83,70.46,275.08,14.72,0.0
352.04,44.27,20.69,74.57,35.59,89.53,130.74,104.85
350.65,33.54,20.61,52.79,19.65,129.61,157.35,76.96
351.67,57.75,31.67,86.42,3.35,163.9,258.32,147.69
350.44,28.06,16.16,44.51,76.28,197.18,54.87,16.05
377.84,49.19,26.76,25.15,62.57,116.43,26.92,16.43
381.31,50.01,34.74,85.28,55.49,50.0,92.3,118.16
351.44,33.29,20.89,59.4,87.78,231.55,59.15,57.75
347.51,53.92,19.26,27.03,72.75,195.63,26.61,0.0
367.07,37.5,23.16,74.83,92.33,50.0,77.83,141.31
351.72,42.89,34.44,56.0,32.15,113.55,103.08,78.46
369.49,42.6,26.55,64.39,59.31,244.09,75.46,74.12
363.04,38.66,20.75,51.48,27.67,236.87,124.8,83.81
337.26,48.11,28.87,84.58,55.41,206.32,85.19,136.53
383.21,47.93,16.18,84.66,55.03,139.43,95.62,132.31
386.94,22.51,30.45,73.84,72.53,154.98,133.48,114.86
350.81,53.04,28.27,19.49,60.91,142.14,19.37,0.0
354.18,23.38,22.54,85.5,72.47,217.69,138.98,155.8
364.29,50.33,18.29,70.39,74.07,97.45,72.65,80.97
365.02,51.27,17.91,72.73,103.1,101.65,75.22,108.98
369.88,29.09,29.28,42.67,53.69,210.62,76.53,24.65
390.15,35.89,34.83,89.14,41.18,147.34,169.08,175.63
357.35,28.94,19.9,75.28,64.92,232.71,109.03,116.6
348.03,37.85,28.67,20.13,43.95,109.71,33.24,0.0
339.31,36.92,8.3,46.7,89.64,146.71,44.9,26.47
349.04,47.8,20.32,89.77,54.34,94.66,97.28,141.86
359.5,53.1,24.75,14.25,48.69,150.44,16.33,0.0
386.92,53.96,17.72,96.53,50.57,61.29,109.28,121.15
352.24,34.38,17.51,71.12,74.37,120.74,76.96,90.24
363.36,37.91,19.66,66.82,56.85,63.82,89.98,87.33
359.75,23.17,27.34,34.35,47.17,191.64,85.04,15.88
377.83,31.94,23.5,32.39,93.31,193.0,34.68,2.53
397.9,49.65,7.09,94.79,42.88,50.0,127.63,151.15
352.04,56.16,8.03,36.84,60.71,230.03,36.75,0.0
352.66,27.66,20.15,79.8,73.05,299.84,105.5,128.03
375.66,34.08,28.66,45.38,27.37,152.76,133.88,51.03
370.23,39.74,3.02,22.53,69.61,111.53,23.64,0.0
387.7,42.8,21.0,10.96,38.9,319.46,18.97,0.0
368.76,31.9,20.79,58.98,76.46,70.86,72.25,94.27
354.61,44.24,36.11,97.82,40.75,151.21,140.38,176.96
368.86,35.26,21.92,43.22,73.86,160.78,49.35,37.18
376.63,39.86,28.06,42.15,82.12,230.71,44.98,10.13
372.31,45.46,26.13,40.97,77.23,171.58,43.22,14.75
367.61,40.06,7.96,56.85,65.03,120.08,59.21,39.13
376.0,35.64,31.15,49.66,55.37,92.93,74.07,53.05
377.54,38.9,26.72,89.19,48.47,129.49,144.2,166.91
380.73,39.12,29.07,55.5,89.42,89.58,59.87,70.61
369.73,36.3,56.41,55.7,46.01,152.87,73.71,26.85
357.49,37.41,8.33,22.45,39.26,116.15,36.68,0.0
362.2,55.99,38.8,98.45,73.31,60.36,101.03,146.3
378.1,45.61,22.7,32.5,44.08,225.31,48.15,3.98
347.75,37.05,27.3,16.6,41.0,120.14,30.2,0.0
365.53,46.97,24.64,69.68,31.13,73.91,143.73,93.5
354.1,36.66,21.61,63.58,50.34,139.9,96.49,85.96
360.43,51.73,20.44,47.36,58.35,154.1,48.37,44.87
379.18,43.7,27.64,48.0,64.86,50.0,53.12,41.3
362.87,38.93,12.86,80.66,79.03,169.9,82.92,104.98
360.7,44.48,31.0,27.61,70.54,87.17,28.22,0.0
339.6,24.29,21.67,83.82,56.18,252.66,155.34,156.84
371.19,28.73,15.96,68.39,56.04,181.44,114.68,84.03
369.68,28.06,21.4,47.71,70.2,126.01,71.22,70.91
392.45,41.43,35.06,51.22,85.45,105.29,56.96,54.28
355.38,57.33,20.72,33.1,62.53,143.7,33.33,0.0
363.29,62.31,27.87,77.69,50.62,186.77,79.97,97.27
363.74,46.38,19.15,56.16,40.14,148.47,84.57,87.15
383.66,45.01,31.06,38.88,31.1,136.97,79.77,28.78
358.57,21.99,30.48,63.64,73.33,153.5,107.84,61.35
364.19,34.57,39.79,99.62,71.56,113.77,109.09,139.45
369.12,32.12,23.6,49.17,71.55,129.41,64.53,55.88
362.8,33.79,30.35,92.86,57.43,50.0,138.17,152.58
353.3,38.32,25.78,41.05,88.14,208.42,41.09,18.68
362.91,35.28,35.37,14.93,50.32,167.93,22.28,0.0
376.1,20.21,19.25,28.38,79.11,103.59,51.4,29.55
344.6,47.48,30.96,47.68,59.23,263.92,46.56,29.25
361.99,29.27,23.44,29.77,47.83,155.22,60.7,37.39
349.5,42.39,24.49,10.02,71.85,87.83,9.92,0.0
377.93,60.74,25.73,92.35,68.19,201.4,98.89,165.13
337.15,30.81,27.02,85.95,67.14,173.88,112.18,155.32
351.62,14.7,24.07,76.81,61.63,173.67,227.02,115.8
365.66,37.14,26.72,25.1,59.24,124.45,33.97,6.95
383.48,51.01,37.62,20.83,107.77,177.03,22.64,0.0
359.01,59.58,32.88,16.08,83.69,134.29,16.36,0.0
351.67,27.7,31.95,75.16,74.46,183.36,97.96,140.45
388.22,44.97,21.36,93.59,62.24,50.0,106.63,176.95
338.28,35.35,17.89,48.75,80.14,123.97,46.72,51.06
327.02,38.94,32.64,20.72,70.36,253.33,19.2,0.0
366.6,66.44,32.01,56.12,60.52,103.98,58.29,50.11
352.47,24.97,36.78,41.39,53.93,113.77,75.66,0.0
344.68,42.54,20.17,43.73,58.38,123.12,48.51,29.61
370.63,44.68,23.16,65.92,0.0,77.11,207.67,139.85
363.66,50.86,11.88,74.68,64.21,50.0,76.95,82.12
351.54,40.98,21.86,19.95,50.23,136.16,27.23,0.0
340.8,43.08,32.97,13.2,91.85,158.15,12.75,0.0
373.09,36.08,21.27,99.49,60.39,146.85,135.58,208.4
369.75,42.69,30.12,30.95,36.22,141.31,56.56,37.66
358.51,36.57,23.48,14.84,59.0,152.58,19.98,0.0
387.7,46.22,27.59,27.09,39.08,211.37,45.46,2.09
343.95,36.3,15.82,13.51,69.47,138.57,14.23,0.0
337.12,43.77,25.68,45.26,65.82,115.56,43.93,54.03
349.62,39.71,1.07,82.22,79.16,133.13,81.44,100.03
359.32,51.26,23.5,40.71,44.18,184.76,52.09,43.34
363.65,39.49,11.96,49.98,60.68,234.72,55.68,38.84
356.38,22.27,34.65,70.8,32.7,112.31,214.48,167.16
365.28,52.62,31.22,55.8,74.03,155.94,57.75,33.38
341.23,30.94,28.73,87.53,70.38,170.3,108.61,125.03
381.66,33.46,37.17,87.94,69.92,90.45,108.55,132.8
358.77,34.04,17.41,10.89,60.03,151.23,14.62,0.0
376.76,53.74,38.98,80.02,68.3,62.06,85.42,79.09
365.14,18.64,32.46,51.47,92.09,50.0,84.47,45.97
366.85,71.38,23.11,99.0,54.3,172.0,102.9,142.83
368.55,50.56,34.08,53.49,62.77,126.97,55.86,31.15
366.72,42.23,16.15,98.82,38.28,162.14,164.32,181.69
369.64,39.45,18.4,77.91,42.63,148.93,129.63,119.25
379.94,42.86,20.13,32.37,61.96,91.42,37.36,5.84
362.95,45.21,20.77,58.46,82.08,147.28,60.11,75.57
370.64,46.45,16.55,99.29,54.87,76.01,113.5,158.61
358.65,45.56,34.78,87.18,55.28,233.46,93.88,126.13
381.6,40.9,22.93,18.76,51.86,68.64,27.71,0.0
349.85,38.03,27.82,73.57,49.3,138.25,109.37,92.68
387.01,38.49,20.44,41.1,65.9,87.46,50.62,0.0
359.4,38.05,10.44,10.63,30.05,184.23,21.26,0.0
338.54,51.34,27.16,46.31,85.62,130.11,44.42,37.45
361.92,45.94,9.7,31.13,46.69,118.88,38.15,19.88
349.78,10.6,24.45,83.7,74.44,201.19,248.85,162.32
372.61,46.56,14.05,40.36,34.6,151.77,67.07,34.82
350.21,41.95,40.9,84.48,73.38,181.0,83.82,107.69
353.31,39.81,32.29,10.05,73.44,91.12,10.06,0.0
331.66,36.11,25.85,37.7,67.68,65.71,42.62,58.49
353.22,51.24,35.11,31.7,40.11,156.43,40.75,0.0
323.64,49.48,18.23,31.02,64.99,130.87,28.45,0.0
336.24,32.27,29.35,16.14,36.34,187.59,34.08,14.82
371.41,44.07,26.6,26.84,54.94,145.21,33.55,3.96
371.79,30.28,27.11,60.0,80.59,162.3,73.95,106.38
366.38,26.2,35.18,36.22,75.93,52.6,50.82,8.83
345.5,33.73,30.86,47.57,60.3,263.31,61.18,43.61
359.28,48.62,27.31,43.92,40.5,140.15,64.3,44.03
359.95,49.53,11.76,88.83,72.91,191.86,90.59,86.6
342.62,45.13,17.32,91.48,60.39,99.83,90.96,132.09
382.55,47.25,24.02,54.37,13.59,168.48,176.78,66.03
373.16,45.16,25.75,39.71,75.65,71.83,41.99,40.29
356.69,33.59,15.96,19.61,59.52,177.12,26.21,0.0
360.4,44.32,44.29,95.81,84.05,128.64,97.83,134.14
363.13,48.0,37.13,15.42,38.09,151.75,22.17,0.0
329.37,47.54,29.82,36.79,0.0,191.88,103.0,33.21
356.29,51.89,25.58,36.83,65.58,76.05,37.18,37.51
349.77,47.08,23.3,38.84,65.83,108.93,38.49,24.72
344.98,43.51,17.38,24.79,26.19,177.44,52.65,0.0
355.78,50.7,25.62,80.48,40.43,275.89,110.63,125.58
386.97,39.73,27.06,21.02,115.1,141.72,23.05,0.0
369.61,31.18,15.07,67.14,53.89,185.47,106.98,87.88
351.43,38.37,27.67,21.15,74.62,143.58,21.14,0.0
368.59,32.55,23.76,16.35,46.99,266.53,30.35,0.0
